"lat","lon"
39.5896356701695,88.9404485689911
39.3265816126018,92.9621036333737
39.2827392697777,93.4261407551726
38.8004734974664,94.5088940437662
37.529045552452,98.6852281487485
37.748257266884,101.314771847735
38.0113113247633,103.634957461125
37.6167302381002,105.800464033916
35.293086062815,107.501933484908
31.215748169581,103.016241298727
29.5935814810392,103.634957461125
29.0236310230797,103.480278420525
27.0507255910104,101.314771847735
25.5162435881168,100.077339518541
23.8502345567508,99.3039443155432
22.403437239817,97.138437738356
21.2196939804508,94.8182521249654
19.9482660354364,90.7965970605828
19.1152615195977,86.0015467888058
18.2384146609348,80.4331013140306
17.0546714018802,78.8863109036382
15.8270857996899,79.1956689848374
15.6517164277704,78.2675947412397
15.2132929985947,75.3286929610544
14.3364461399319,72.6991492620683
12.71427945139,68.522815157086
12.0566443071593,66.3573085842951
10.7852163621449,62.3356535155162
9.68915778873844,59.860788861526
8.15467578615634,56.4578499595418
7.5408829850612,55.065738589749
5.52413520985629,51.6627996877648
3.28817572021931,48.7238979119757
1.31527028815003,42.6914153110055
0.438423429487182,37.5870069580293
0,31.8638824426545
0.482265772311293,24.7486465574869
0.876846858974363,22.583139984696
2.14827480398876,19.489559163911
2.58669823316442,19.0255220377159
4.12118023605804,19.489559163911
5.83103161055962,15.1585460139329
6.57635144043861,12.8383604005423
7.67241001384505,10.2088167015563
8.76846858725149,8.19798916936494
9.77684247469818,6.34184067777323
10.9167433909287,4.3310131455819
11.9689596211995,1.3921113653966
13.5472839669173,0
15.0817659698109,0.928074243597732
16.3093515720012,3.09358081638868
16.7039326583527,3.86697602378304
18.4137840328543,5.87780355597437
18.9398921479897,6.8058777995721
19.4660002631251,7.57927300696645
20.737428208451,10.2088167015563
21.2196939804508,10.9822119089506
22.5788066114249,12.064965193148
23.1049147268719,12.2196442381438
24.3763426718862,13.7664346441401
25.3847165593329,13.6117556035404
27.1822526197943,13.7664346441401
28.8044193083361,14.3851508109348
30.6457977116215,15.9319412213273
32.1802797142036,17.0146945055246
34.1970274894085,18.7161639565167
36.7398833794373,20.8816705337039
39.1512122409938,21.655065736702
41.4310140734549,22.1191028585009
42.9216537332129,22.1191028585009
44.3684510501468,22.8924980658952
45.6837213382968,23.0471771064948
46.9113069404871,23.0471771064948
48.6211583149886,23.3565351876941
49.9802709459628,23.9752513500926
51.383225919761,24.4392884762877
54.1452935245334,27.2235112114771
55.679775527427,28.4609435406703
57.0827305012253,29.0796597030688
58.4418431321994,29.0796597030688
59.7132710772138,28.7703016218696
61.2915954229316,29.0796597030688
62.6507080539057,28.9249806624692
64.3167170855832,28.61562258127
65.7196720593814,28.9249806624692
67.8679468633702,31.5545243614553
69.0516901224248,33.410672853047
70.8930685257103,34.4934261372443
71.9452847562926,35.5761794258379
73.3920820729149,37.7416859986289
74.707352361065,38.0510440798281
76.197992020823,38.9791183278221
78.4339515104599,39.7525135308202
79.1792713403389,40.2165506570153
79.9245911702179,40.5259087382146
81.239861458368,40.5259087382146
82.77434346095,41.6086620224119
84.3526678066678,42.5367362704059
86.3255732387371,44.238205721398
88.0792669560628,46.2490332535893
89.8329606737,48.2598607857806
91.7620237626336,50.4253673629678
94.1733526241901,52.7455529763584
96.4969967997868,55.2204176303486
98.3822175458963,57.2312451625399
99.7851725196946,59.0873936541316
101.144285150669,61.0982211907192
102.678767153562,63.5730858447094
104.870884300064,67.9040989946875
106.14231224539,68.0587780352872
107.106843790012,67.2853828278928
107.896005962715,67.4400618684924
109.298960936514,67.4400618684924
109.693542023177,67.1307037872932
111.052654654151,66.6666666654943
111.447235740502,66.6666666654943
112.894033057125,66.6666666654943
115.086150203938,66.9760247466936
115.831470033817,67.1307037872932
116.576789863696,67.1307037872932
117.848217809021,67.2853828278928
119.119645754036,67.4400618684924
121.79402867316,67.7494199496917
123.635407076445,67.1307037872932
125.739839537299,66.5119876248947
127.800429655016,66.5119876248947
129.641808058302,66.9760247466936
131.439344118763,67.1307037872932
133.193037836088,68.0587780352872
134.727519838671,69.2962103600842
136.262001841564,70.5336426892774
138.01569555889,71.4617169372713
140.295497391663,72.5444702214687
141.479240650717,73.6272235100623
142.794510938867,74.55529775366
143.978254197922,75.7927300828533
144.942785742544,76.5661252902476
145.995001973127,77.4941995338453
147.354114604101,79.5050270660367
148.844754263859,80.8971384358295
149.414704721818,81.2064965170288
151.343767811064,82.7532869274212
152.176772326902,83.3720030898197
154.018150730188,84.3000773378137
155.815686790338,84.9187935002122
157.613222850799,86.7749419918039
159.849182340436,89.2498066501903
161.471349028978,91.5699922635809
163.049673374695,93.8901778769715
165.329475207157,97.138437738356
167.170853610442,99.1492652749436
168.6614932702,100.69605568094
170.020605901174,102.552204172532
171.774299618811,105.955143074516
172.958042877866,108.430007732902
174.229470823192,109.667440062095
175.54474111103,111.059551427492
176.772326713221,112.296983756685
178.043754658235,113.534416085878
179.490551975169,114.617169370076
180.674295234535,115.081206496271
182.208777237117,115.54524361807
183.436362839307,115.699922658669
184.795475470282,116.318638821068
186.023061072472,116.627996906663
187.250646674662,117.556071150261
188.565916962812,118.638824438855
189.881187250651,119.566898682452
191.28414222476,120.649651971046
192.730939541694,122.351121422038
194.046209829533,123.897911832431
195.317637774547,126.68213456762
196.28216931917,129.002320185407
197.860493664888,133.333333330989
199.131921609902,135.034802781981
199.614187382213,135.653518944379
200.841772984404,137.664346480967
201.324038756715,138.437741683965
202.814678416473,140.603248256756
203.340786531608,140.293890175557
204.699899162894,141.686001545349
206.190538822652,146.017014690931
207.286597395747,148.027842227519
208.82107939864,150.966744003308
210.048665000831,152.977571535499
211.714674032197,154.679040986491
213.33684072105,156.999226604278
215.353588495943,159.938128380067
216.888070498526,162.412993038454
218.860975930595,166.589327143436
220.176246218745,169.064191801822
221.666885878503,171.075019334014
223.245210224221,174.013921109803
224.692007541154,177.107501930588
226.226489543737,180.510440832572
227.804813889454,183.294663572158
229.163926520428,185.924207266747
230.654566180186,188.863109046933
232.057521153985,190.409899457325
233.372791442135,191.802010827118
234.688061730285,193.50348027811
235.827962646515,196.2877030133
236.836336533962,201.546790406875
237.757025735449,207.579273007846
238.107764478976,208.816705332643
239.203823052383,212.374323279623
239.55456179591,213.147718482621
240.606778026492,216.860015465804
240.957516769708,218.097447794997
241.922048314331,222.737819021779
242.75505283017,226.604795049958
243.938796089536,231.554524362335
245.604805120902,237.432327918309
247.709237581755,245.63031709207
249.024507869905,249.651972156453
250.20825112896,253.054911058437
251.830417817502,256.92188708222
253.014161076868,259.551430781206
254.592485422585,261.562258313397
256.696917883439,264.501160089186
257.442237713318,265.119876255981
258.231399886021,265.893271458979
259.415143145387,267.594740909971
260.730413433537,268.986852279764
262.83484589439,270.533642690157
265.333859441595,271.307037893155
267.701345960015,273.936581592141
270.024990135612,276.411446246131
272.304791968073,279.659706107516
273.926958656927,281.979891725302
275.680652374252,284.609435419892
277.25897671997,285.846867749085
278.793458722552,287.548337200077
280.28409838231,288.940448565474
281.774738042068,290.487238975867
283.48458941657,292.807424593653
284.887544390368,293.890177877851
286.246657021342,293.426140756052
287.518084966668,291.879350345659
289.403305712778,292.034029386259
290.192467885481,292.343387467458
291.902319259982,292.807424593653
293.129904862173,293.735498837251
294.489017493147,294.818252125845
295.848130124121,295.746326369442
297.645666184582,296.983758698636
299.092463501516,297.447795820435
300.846157218842,297.91183294663
302.205269849816,297.447795820435
303.958963567142,295.127610207044
305.36191854094,294.199535963446
306.67718882909,294.199535963446
308.430882546416,293.116782674853
310.184576263741,292.652745553054
311.894427638243,293.116782674853
313.209697926393,296.519721576837
314.481125871407,297.447795820435
314.875706957759,297.75715390603
316.278661931869,298.685228149628
316.76092770418,298.685228149628
318.383094392722,298.685228149628
318.996887193817,298.839907190227
320.531369196399,299.767981438221
322.197378228076,301.314771848614
324.12644131701,303.944315543204
326.66929720735,307.037896363989
328.905256696987,308.120649652582
330.834319786233,308.430007733781
332.500328817598,309.512761017979
334.429391906844,311.987625676365
335.788504537818,313.225058001162
337.147617168792,313.998453208556
339.295891972469,316.163959781347
340.611162260619,316.473317862547
341.838747862809,315.699922659549
343.241702836608,315.23588553775
344.951554211109,316.009280740748
346.749090271571,316.937354988742
347.40672541549,317.246713069941
348.678153360504,318.174787313539
350.037265991478,318.329466354138
351.308693936804,318.948182520933
353.413126397657,319.566898683332
354.684554342672,320.03093580513
355.955982287686,320.18561484573
357.227410233012,319.721577723931
358.761892235594,319.876256764531
360.910167039583,320.03093580513
361.567802183502,320.03093580513
362.269279670557,320.03093580513
363.71607698718,320.494972931326
365.557455390465,322.041763341718
367.618045508494,322.041763341718
368.977158139468,323.124516625915
370.292428427618,324.361948955109
371.91459511616,325.444702239306
373.186023061174,325.908739365501
374.062869919837,325.444702239306
375.509667236771,325.908739365501
377.044149239353,326.991492649698
378.929369985774,327.146171690298
380.420009645532,326.836813609099
381.82296461933,326.991492649698
383.664343022616,326.991492649698
385.418036739942,326.836813609099
386.952518742835,327.455529775894
388.399316059458,328.228924978892
390.459906177487,329.775715389284
392.695865667124,331.941221962075
395.852514358559,337.354988396251
397.781577447493,338.747099766043
399.228374764427,339.365815928442
400.455960366617,340.757927298235
401.902757683551,343.078112916022
402.428865798686,344.006187159619
403.612609058052,346.32637277301
405.629356832946,348.801237431396
406.330834320001,349.729311674994
406.98846946392,350.812064963588
408.654478495286,354.060324824972
410.145118155355,357.927300848755
411.767284843897,362.877030161132
413.301766846479,366.744006184915
414.923933535021,370.765661249298
416.151519137211,373.859242070082
417.203735367794,376.488785769068
419.001271427943,379.891724671053
419.790433600958,381.283836040846
420.974176860013,384.377416857234
422.201762462203,387.16163959682
424.086983208624,390.564578498804
425.533780525246,393.348801233994
427.682055329235,399.071925753765
429.041167960209,403.248259858747
430.312595905224,407.269914923129
431.627866193374,411.755607113707
433.030821167172,416.860015466683
434.302249112186,420.262954368668
435.529834714377,423.201856148853
437.239686088878,428.306264501829
438.291902319461,431.399845318218
439.519487921651,434.493426139003
440.703231180706,437.122969837989
441.886974440072,440.216550654378
443.421456442654,443.310131475163
443.991406900925,444.238205723156
445.394361874723,447.486465584541
445.745100618251,448.259860787539
446.49042044813,449.342614076133
447.454951992752,451.508120648924
448.331798851415,453.364269140515
450.436231312268,456.303170920701
451.926870972026,459.396751737089
453.242141260176,464.037122968267
454.250515147623,467.594740910851
455.565785435773,470.688321731635
456.004208864949,471.461716934634
457.538690867842,474.709976796018
458.196326011761,476.256767206411
459.336226927992,478.576952819801
460.563812530182,481.051817478188
461.616028760764,483.836040213377
462.712087334171,486.465583912363
464.027357622009,488.321732403955
465.781051339335,491.724671305939
466.920952255877,494.354215000529
468.104695514932,496.983758699515
469.419965803082,499.9226604797
470.954447805664,503.016241296089
472.532772151382,507.037896364868
474.286465868707,512.142304717844
476.434740672696,517.40139211142
477.925380332454,521.577726216402
479.328335306252,525.444702240185
480.643605594402,529.156999223369
482.002718225377,532.869296210948
483.274146170391,536.426914153532
484.589416458541,539.67517401052
485.992371432339,543.078112912504
487.351484063313,546.326372773889
488.754439037423,549.265274554074
490.113551668397,552.822892496658
491.209610241804,556.535189479842
492.349511158034,559.938128381826
493.620939103049,562.567672080812
494.892367048063,565.042536734802
495.374632820374,565.815931942196
496.076110307429,567.362722348193
497.391380595579,569.218870839784
497.873646367891,569.682907965979
499.013547284121,571.693735498171
500.372659915095,573.549883989763
502.082511289597,575.870069603153
503.748520320963,578.19025522094
505.41452935264,581.593194122924
507.080538384006,584.222737817514
508.6150203869,586.233565349705
509.930290674738,587.780355760098
511.508615020456,588.863109048691
512.034723135592,589.017788089291
513.613047481309,590.564578499683
514.18299793958,591.492652743281
515.410583541771,594.276875482867
516.769696172745,595.978344933859
518.435705204111,598.298530547249
519.049498005206,598.917246714044
520.803191722531,601.082753286835
521.416984523627,601.856148489833
523.126835898128,603.248259859626
524.442106186278,604.640371229419
525.669691788468,606.65119876161
526.809592704699,609.2807424562
529.26476390908,614.694508894772
531.281511683973,617.788089711161
533.780525231489,620.726991491346
536.14801174991,624.903325596328
538.296286553587,625.522041763123
539.874610899305,627.532869295314
540.795300100792,628.770301624507
542.329782103685,629.389017786906
544.083475821011,630.3170920349
544.872637993714,630.626450116099
546.14406593904,632.173240526491
548.511552457461,634.957463261681
552.720417379167,641.29930394385
554.868692183156,645.011600927034
556.403174185738,647.022428459225
557.893813845496,648.878576950817
559.34061116243,651.044083523608
560.743566136228,653.209590100795
562.014994081243,654.292343384992
563.812530141704,656.148491876584
565.56622385903,658.313998453771
566.925336490004,660.479505026562
568.19676443533,662.335653518154
569.555877066304,664.191802009746
570.739620325359,665.738592420138
572.230259985117,667.904098992929
573.326318558523,669.605568443921
575.606120391296,673.317865427105
577.491341137405,672.699149264706
578.455872682028,673.936581593899
579.069665483123,674.245939675098
579.639615941082,674.709976796897
581.2179402868,676.566125288489
582.840106975342,678.88631090188
584.813012407411,680.742459397868
586.084440352737,682.134570763264
587.443552983711,684.454756381051
588.75882327155,686.310904872643
590.16177824566,688.631090486033
591.827787277026,691.879350347418
594.063746766662,695.591647330601
595.64207111238,698.066511984591
597.351922486882,700.850734724177
598.886404489464,703.634957463763
600.07014774883,706.264501158353
601.166206322236,708.120649649944
602.349949581291,710.286156222735
603.577535183481,711.987625673727
604.059800955793,712.451662799923
606.076548730998,716.009280742506
607.041080275309,717.865429234098
608.882458678594,720.494972928688
610.548467710272,723.124516627674
612.609057827989,726.372776489058
614.055855144923,728.22892498065
615.414967775897,729.775715391043
616.511026349304,731.322505801435
617.957823666238,733.488012374226
619.273093954076,735.344160865818
620.763733614146,737.200309357409
621.202157043321,737.664346479208
622.605112017119,738.747099767802
623.043535446607,739.056457849001
624.709544478284,741.221964421792
625.323337279379,742.150038669786
626.813976939137,739.6751740114
627.383927397097,738.747099767802
628.523828313327,734.725444703419
629.795256258653,729.621036350443
631.329738261235,722.660479505875
632.864220264129,713.53441608412
634.047963523184,707.501933487546
635.187864439414,701.469450886576
636.240080669996,695.436968290002
637.073085185835,689.095127607832
638.563724845593,685.537509665248
639.045990617904,686.620262953842
639.57209873304,687.703016242436
640.185891534135,692.652745550416
640.185891534135,694.972931168203
639.57209873304,698.839907191986
639.133675303553,703.789636504362
638.958305931945,709.048723897938
638.695251874377,716.473317864305
638.651409531553,719.257540603891
638.476040159633,724.516627997467
638.607567188417,734.106728536624
638.651409531553,740.448569218794
638.782936560337,743.696829080179
639.221359989512,745.55297757177
640.317418562919,746.171693734169
640.843526678054,745.70765661237
641.676531193893,741.531322502991
642.553378052556,734.261407577224
643.167170853651,728.847641143049
643.605594283138,718.638824437096
644.087860055449,712.451662799923
644.570125827761,706.883217325147
645.359288000464,699.458623354384
645.446972686424,696.519721578595
645.578499715207,693.58081979841
645.710026743991,690.332559937025
645.490815029248,689.713843774627
645.05239159976,690.332559937025
644.219387084233,696.519721578595
643.167170853651,701.933488012771
642.860274453259,703.789636504362
642.11495462338,708.430007731144
641.457319479149,715.235885535112
641.194265421582,721.732405257881
641.764215879853,731.941221963834
642.246481652164,739.211136889601
642.597220395691,741.067285381193
643.517909597178,741.067285381193
644.745495199369,738.437741686603
646.104607830343,734.570765658423
647.551405147277,729.156999224248
648.954360121075,722.969837587074
650.664211495577,713.689095124719
652.286378184118,705.955143077153
653.470121443484,701.160092805376
654.127756587404,702.552204175169
654.171598930228,705.336426914755
654.215441273363,708.275328690544
653.864702529836,720.649651969287
653.601648472268,726.063418407859
653.207067385917,735.034802784618
652.724801613606,743.696829080179
652.154851155334,752.204176335139
651.847954754631,759.783449342105
651.935639440591,764.733178654482
652.154851155334,767.517401389671
652.900170985213,765.042536735681
653.338594414701,761.794276874297
653.777017843876,758.700696053512
654.259283616188,752.822892497537
654.785391731323,747.099767982163
655.443026875554,740.912606340593
656.056819676649,734.570765658423
656.626770134608,728.074245940051
657.415932307623,722.19644237968
658.599675566678,718.329466355897
659.65189179726,715.235885535112
660.87947739945,711.678267592528
661.887851286897,710.75019334893
662.808540488384,712.761020881122
662.720855802736,724.052590871272
662.457801744857,732.250580045033
662.238590030424,738.901778808402
661.756324258113,745.398298531171
661.098689113883,752.358855375739
660.616423341883,758.700696053512
660.572580998747,765.815931938679
660.484896312787,771.53905645845
660.923319742274,780.665119875809
662.150905344465,777.880897136224
663.115436889087,770.301624129257
663.422333289479,761.484918793098
663.641545004223,754.833720029729
663.948441404926,749.110595514354
664.649918891669,744.315545242577
665.570608093468,739.211136889601
666.929720724442,737.04563031681
667.543513525537,739.056457849001
668.069621640673,738.747099767802
668.771099127727,735.344160865818
669.341049585687,737.04563031681
669.428734271647,744.006187161378
669.516418957606,752.977571538137
669.516418957606,756.68986852132
669.209522556903,762.103634955496
669.341049585687,767.672080430271
669.779473015174,775.715390563433
669.954842386782,778.963650424817
670.612477531013,786.852281512983
671.401639703716,793.967517402547
671.752378447243,796.287703015937
672.716909991866,802.010827531312
673.900653250921,806.34184068129
675.30360822503,810.982211908071
677.013459599221,813.147718485259
678.591783944938,815.622583139249
679.819369547129,817.63341067144
681.485378578806,820.417633411026
683.151387610172,823.356535186815
685.650401157377,825.831399845201
687.447937217838,826.914153129399
689.201630935164,828.924980665986
690.999166995625,831.245166279377
692.577491341343,834.802784221961
694.594239116236,837.896365042745
696.742513919913,839.443155453138
698.233153579671,840.525908737335
699.767635582565,842.227378188327
701.039063527579,846.09435421211
702.485860844513,848.723897911097
703.669604103568,851.508120650682
705.072559077678,854.137664345272
706.650883423395,856.921887084858
707.878469025586,858.932714617049
709.23758165656,860.788863108641
711.210487088629,860.479505027442
713.183392520698,860.94354214924
714.71787452328,861.09822118984
716.69077995535,864.037122970025
718.444473672675,866.202629542816
719.847428646785,867.28538283141
721.425752992191,869.6055684448
722.741023280341,871.616395976992
724.14397825414,873.472544468583
725.634617914209,874.555297757177
726.949888202048,875.94740912697
728.177473804238,876.566125289368
729.492744092388,877.030162411167
730.544960322659,882.907965971538
731.421807181322,888.012374324514
732.561708097864,890.177880897305
733.964663071662,892.807424591895
734.446928843973,894.818252124086
736.639045990786,896.519721575078
737.384365820665,897.602474863672
738.129685650544,898.530549111666
739.313428909599,899.613302395863
740.979437941276,901.624129928055
741.593230742371,902.242846094849
742.908501030521,903.789636505242
744.267613661495,904.872389789439
745.53904160651,905.336426911238
746.854311894348,905.181747870638
748.038055153715,904.40835266764
750.186329957392,899.303944314664
751.370073216758,894.972931169082
752.378447104205,889.249806649311
753.255293962868,884.300077336934
754.30751019345,879.505027069554
755.140514709289,873.472544468583
756.1050462536,866.976024745814
757.551843570534,862.799690640832
758.297163400413,856.148491877463
758.64790214394,854.137664345272
759.174010259075,847.486465581903
759.437064316643,845.475638049712
760.182384146834,843.92884763932
761.015388662361,843.77416859872
761.673023806592,835.885537510554
761.673023806592,832.32791956797
761.76070849224,825.831399845201
762.023762549808,824.129930394209
763.382875180782,823.82057231301
764.040510325012,824.903325597207
764.829672497716,823.356535186815
765.005041869635,822.119102862018
765.180411241243,820.881670532825
765.355780612851,819.644238203631
765.53114998477,818.406805878834
765.662677013554,810.672853826872
766.057258099906,804.021655063503
766.364154500609,795.359628767943
767.50405541684,788.86310904957
769.126222105382,782.9853054892
770.266123021612,776.488785766431
771.274496909059,770.920340291656
771.099127537451,765.351894816881
771.75676268137,757.617942769314
772.151343768033,754.833720029729
772.765136568817,746.945088941563
773.247402341128,740.757927299993
773.729668113439,734.880123744019
774.562672629278,729.466357305447
775.264150116333,722.04176333908
775.921785260252,715.854601701907
775.965627603076,713.070378962321
776.228681660956,711.523588551929
776.535578061347,714.307811291514
776.535578061347,716.009280742506
776.667105090131,718.020108274698
778.07006006393,714.307811291514
778.157744749889,708.739365816739
779.29764566612,705.181747874155
780.086807839134,705.491105955355
781.489762812933,703.634957463763
783.243456530258,703.016241296968
783.988776360137,703.325599378167
785.391731334247,703.789636504362
786.707001622086,704.71771074796
787.934587224276,705.955143077153
789.38138454121,707.037896365747
791.222762944495,709.667440060337
793.195668376565,711.214230470729
795.212416151458,715.081206494512
796.483844096784,715.699922661307
798.412907185717,718.174787315297
799.815862159827,719.56689868509
801.92029462068,722.660479505875
803.498618966398,720.185614847489
805.734578456035,724.516627997467
807.093691087009,726.991492651457
808.540488403632,728.38360402125
810.031128063701,728.38360402125
812.354772238986,728.692962102449
813.71388486996,733.023975252427
814.766101100543,739.5204949708
819.413389451736,739.211136889601
823.578412030307,739.211136889601
825.419790433592,740.912606340593
827.611907580405,741.995359629187
830.11092112761,744.624903323776
832.390722960382,746.326372774768
833.88136262014,747.563805103962
835.240475251115,749.265274554954
836.599587882089,750.812064965346
837.914858170239,751.894818249544
839.317813144037,754.21500386733
841.290718576106,756.225831399522
843.044412293432,757.463263728715
845.236529440245,760.556844545104
846.771011442827,761.794276874297
848.524705160153,763.650425365888
849.883817791438,765.197215776281
850.979876364533,766.279969064875
851.155245736453,766.589327146074
851.725196194412,767.053364267873
852.558200710251,767.981438515867
856.41632688843,771.229698372855
857.950808891323,773.395204950042
860.055241352176,775.560711522833
861.721250383542,776.488785766431
863.080363014516,777.726218095624
866.631592792304,780.974477957009
868.999079310724,782.211910286202
870.708930685226,784.686774940192
872.988732517999,787.470997679778
875.180849664811,789.945862333768
877.066070410921,791.337973703561
879.214345214598,795.050270686744
881.187250646668,795.978344934738
882.414836248858,797.370456300135
883.730106537008,798.607888629328
885.35227322555,800.618716161519
886.6675435137,801.856148490712
887.89512911589,803.248259860505
889.210399403729,804.485692189699
890.481827349054,805.259087392697
891.972467008812,806.651198762489
893.46310666857,807.733952046687
894.252268841273,808.043310132282
895.172958043072,808.352668213481
896.882809417262,809.744779583274
897.847340961885,810.518174786273
900.258669823441,812.374323277864
903.239949142957,814.694508891255
905.870489718946,817.169373549641
907.361129378703,817.942768752639
909.027138410381,819.334880122432
911.08772852841,821.036349573424
913.016791617344,822.583139983817
914.989697049413,824.593967516008
916.65570608109,826.759474088799
918.497084484376,828.460943539791
920.075408829782,830.626450116978
921.609890832676,832.018561482375
923.188215178393,833.720030933367
925.248805296111,834.95746326256
926.564075584261,836.658932713552
927.967030558059,837.896365042745
929.238458503385,839.288476412538
930.466044105575,840.835266818535
931.474417993022,841.453982985329
931.781314393414,842.072699147728
932.044368450982,842.536736269527
933.841904511443,844.392884761118
935.551755885945,846.867749419505
937.042395545702,849.187935032895
938.445350519501,851.353441605686
940.199044236826,853.364269142274
942.171949668896,853.518948182874
943.662589328965,853.054911056678
945.240913674371,853.209590101674
946.775395677265,853.518948182874
948.222192994199,853.673627223473
949.844359682741,852.745552975479
951.203472313715,849.96133024029
952.694111973473,846.867749419505
953.176377745784,846.09435421211
955.061598491894,842.691415314522
956.639922837611,841.453982985329
958.218247183329,839.288476412538
958.744355298465,838.824439286343
959.971940900655,838.824439286343
961.462580560413,837.587006961546
962.777850848251,837.277648875951
964.093121136401,836.040216551154
965.276864395768,834.802784221961
966.548292340782,834.338747100162
967.819720285796,835.266821343759
969.134990573946,834.802784221961
970.844841948448,834.338747100162
971.458634749543,834.338747100162
972.949274409301,835.576179424959
975.229076241762,837.122969835351
978.166513218454,838.205723123945
980.665526765659,839.133797367542
982.506905168944,840.061871615536
984.216756543446,840.525908737335
985.619711517556,841.29930394473
987.198035862962,843.61948955812
988.995571923423,846.09435421211
990.573896269141,847.950502708098
992.020693585763,849.80665119969
993.642860274617,851.044083524487
994.958130562455,853.209590101674
996.361085536565,855.065738593266
997.676355824403,857.076566125457
999.254680170121,859.706109820047
1000,864.346481051224
999.736945942432,870.069605566599
998.158621596715,874.864655838376
997.018720680484,876.411446248769
995.703450392334,879.814385150753
995.308869305982,880.587780353751
993.7743873034,878.112915699761
993.335963873913,877.030162411167
992.590644044034,875.174013919575
991.801481871331,876.875483370568
991.363058441844,881.361175561145
991.23153141306,882.598607885942
992.239905300507,887.857695279518
992.941382787562,890.796597059703
994.519707133279,894.199535961688
996.361085536565,896.210363493879
998.027094567931,896.983758701273
999.079310798513,901.005413765656
998.728572054986,902.397525135449
997.895567539147,902.706883216648
997.413301766836,902.397525135449
996.711824280092,900.232018562658
996.273400850605,899.303944314664
995.045815248415,897.138437741873
993.555175588657,896.519721575078
992.941382787562,896.055684453279
991.494585470628,894.354215002287
989.872418782086,893.27146171809
988.425621465152,891.879350348297
986.847297119746,890.641918019104
984.611337629797,889.095127608711
983.120697970039,889.249806649311
981.673900653417,891.569992267098
981.32316190989,892.188708429496
981.14779253797,894.663573083487
981.410846595538,896.055684453279
982.156166425728,897.757153904271
983.383752027607,899.458623355264
985.00591871646,903.789636505242
985.66355386038,905.491105956234
987.110351177314,909.048723898818
990.047788153694,916.009280743386
991.713797185371,919.876256767169
993.248279187953,923.279195669153
995.528081020726,928.692962103328
996.624139594132,933.488012375105
996.8871936517,934.570765659303
997.237932395228,938.437741687482
996.711824280092,939.520494971679
996.185716164645,940.448569219673
995.65960804951,941.531322503871
993.642860274617,941.531322503871
991.494585470628,939.05645784988
988.907887237463,935.189481826097
987.285720548922,933.333333334506
985.795080889164,932.559938127111
984.041387171838,931.786542924113
982.156166425728,932.250580045912
981.103950195146,934.106728537504
981.673900653417,934.725444699902
982.46306282612,934.570765659303
983.383752027607,934.416086618703
984.918234030501,935.344160866697
985.488184488772,935.498839907297
987.066508834178,931.941221964713
987.548774606489,929.621036346926
988.337936779504,925.908739363743
989.127098952207,920.649651970167
989.565522381694,917.246713068183
989.91626112491,914.462490332993
990.047788153694,909.976798142415
990.442369240357,907.501933488425
990.836950326708,912.142304715206
991.23153141306,914.307811292393
991.582270156587,916.627996905784
991.275373755884,921.423047177561
990.749265640749,923.897911831551
988.732517865855,933.952049496904
987.767986321233,941.84068058507
987.066508834178,949.574632637032
986.89113946257,955.916473319202
986.759612433786,958.236658932592
986.71577009065,959.31941221679
986.452716033083,959.474091261785
986.233504318651,958.391337973192
986.189661975515,956.5351894816
986.452716033083,955.297757152407
987.066508834178,954.988399071208
987.855671007193,955.297757152407
988.907887237463,955.607115233606
990.836950326708,956.5351894816
991.626112499412,957.308584684598
992.853698101602,955.452436193007
992.678328729994,954.833720030608
992.415274672426,954.060324823214
992.371432329291,953.441608660815
991.757639528195,950.50270688063
989.784734096126,948.491879348439
988.031040378801,947.099767978646
984.786707001717,942.304717711265
981.279319566754,937.819025520687
978.429567276022,934.261407578103
976.763558244656,933.17865428951
975.316760927722,933.333333334506
975.00986452733,939.520494971679
975.623657328425,944.934261405855
976.80740058748,948.801237429638
978.254197904414,952.822892498417
980.051733964564,956.999226603399
981.630058310281,960.402165505383
984.129071857797,964.423820569766
986.145819632691,967.82675947175
988.513306151112,971.848414540529
990.354684554397,974.632637275718
992.108378271723,977.262180974704
993.730544960265,980.046403709894
995.133499934375,984.686774941071
994.34433776136,989.636504253448
994.388180104496,992.420726993034
993.730544960265,994.895591647024
992.239905300507,997.679814386609
990.530053926005,999.8453209594
989.214783638167,1000
987.724143978409,999.8453209594
986.145819632691,999.226604792606
984.655179972933,997.989172467809
980.928580823538,994.740912606424
976.368977158304,990.255220415846
974.264544697451,988.089713843055
972.598535665774,982.057231246481
971.370950063583,978.808971385097
970.143364461393,977.416860015304
968.521197772851,976.33410672671
967.995089657716,976.024748645511
966.679819369566,974.168600153919
964.531544565889,971.384377414334
962.207900390292,966.898685228152
959.796571528735,962.258313996975
958.481301240897,959.01005413559
957.122188609923,954.369682908809
955.763075978949,948.182521267239
954.84238677715,943.232791954863
954.053224604447,938.592420728082
953.044850717,934.570765659303
952.124161515202,929.156999225127
951.115787627755,922.969837587954
950.195098426268,917.865429234977
949.449778596078,913.2250580038
948.704458766199,908.275328691423
947.915296593496,902.861562257248
947.3015037924,898.22119102607
946.424656933738,893.116782673094
945.723179446683,885.228151584928
945.503967731939,882.443928845343
945.021701959939,876.256767208169
944.84633258802,874.400618716577
944.495593844492,870.688321733394
943.750274014613,865.583913380418
943.399535271086,863.109048722031
942.435003726775,859.551430779448
940.988206409841,856.612529003658
939.497566750083,856.921887084858
936.954710859743,856.303170918063
935.288701828377,853.982985304672
933.140427024388,851.662799691282
931.255206278278,848.105181748698
929.676881932561,844.856921887313
928.449296330371,844.392884761118
927.22171072818,843.310131476921
925.380332324895,841.918020107128
924.722697180976,841.14462490413
922.618264720122,839.907192574937
921.171467403189,838.824439286343
919.85619711535,836.968290794752
918.409399798416,835.730858469955
917.006444824618,835.266821343759
915.384278135764,833.874709973967
913.279845674911,829.853054909584
912.008417729897,827.687548336793
910.123196983787,824.748646556608
907.711868122231,821.809744780819
905.34438160381,819.025522041233
903.809899601228,817.63341067144
902.056205883591,816.395978342247
900.828620281401,815.622583139249
899.206453592859,813.766434647657
897.145863475141,810.982211908071
896.444385988086,809.12606341648
895.129115699936,809.12606341648
893.770003068962,808.507347254081
892.367048095164,806.960556843689
891.051777807014,805.259087392697
889.60498049008,803.402938901105
888.158183173458,801.546790409513
886.009908369469,800.15467903972
882.06409750533,796.906419178336
879.565083958126,794.431554524346
877.63602086888,792.575406032754
875.970011837515,791.183294662961
874.040948748269,788.86310904957
871.892673944592,787.780355760977
870.358191941698,786.697602472383
868.999079310724,785.150812061991
867.596124336926,783.604021655995
865.886272962425,782.675947408001
864.395633302667,781.438515078807
862.992678328868,779.891724668415
861.721250383542,778.035576176823
860.405980095704,777.107501933226
859.090709807554,776.024748644632
857.73159717658,774.47795823424
856.284799859646,773.240525909442
854.574948485456,771.229698372855
852.821254767819,769.682907966859
852.558200710251,769.373549881263
852.119777281075,769.218870840663
851.286772765236,768.754833718865
849.576921390735,766.898685227273
848.086281730977,765.970610979279
846.464115042435,764.423820573283
844.798106010758,762.258313996096
843.088254636256,759.628770301506
840.676925775011,756.071152358922
839.273970801213,753.905645786131
837.958700513063,750.348027839151
835.240475251115,744.624903323776
832.829146389558,740.757927299993
831.075452672232,739.211136889601
828.971020211379,738.592420727202
827.655749923229,738.747099767802
827.173484150918,738.747099767802
826.165110263471,737.04563031681
825.156736376024,736.581593195011
823.97299311697,736.581593195011
822.4823534569,736.272235109416
820.377920996047,735.034802784618
818.361173221154,731.941221963834
816.695164189788,729.621036350443
816.125213731517,729.621036350443
814.941470472151,728.38360402125
813.757727213096,726.218097448459
812.398614582122,723.897911830672
811.127186636796,722.35112142028
809.943443377741,721.268368136082
808.365119032024,720.030935806889
807.312902801441,719.72157772569
805.603051427251,718.948182518295
804.112411767493,717.556071152899
802.358718049856,715.699922661307
800.517339646571,715.081206494512
798.632118900461,712.296983759323
797.185321583527,709.358081979138
795.870051295689,706.573859239552
794.335569292795,702.39752513457
793.107983690605,698.839907191986
791.617344030847,695.746326371201
791.047393572887,694.972931168203
789.469069227169,692.962103636012
788.022271910236,689.249806648432
786.137051164126,682.598607889459
783.988776360137,676.875483369688
782.278924985947,673.7819025533
780.61291595427,673.163186386505
779.429172694904,672.080433102308
777.938533035146,669.605568443921
777.41242492001,668.986852281523
776.140996974996,666.047950501337
774.95725371563,664.191802009746
773.15971765548,661.40757927016
771.975974396114,658.313998453771
770.573019422315,654.911059551787
768.994695076598,652.436194893401
766.758735586961,645.939675175028
765.048884212459,642.072699146849
763.470559866741,637.432327920067
762.111447235767,634.029389018083
760.620807576009,631.709203400296
759.130167916251,628.770301624507
757.858739971237,626.140757925521
756.631154369047,625.212683681924
755.403568766856,623.820572312131
753.956771449922,619.180201080953
752.904555219652,612.219644236385
751.940023675029,607.269914924009
751.545442588677,606.032482599212
750.054802928608,604.640371229419
749.572537156608,604.33101314822
747.775001096147,601.856148489833
747.117365952228,600.773395205636
744.793721776631,594.276875482867
743.346924459697,590.409899459084
741.812442457115,585.924207268506
740.847910912492,581.593194122924
739.444955938383,578.654292342739
738.129685650544,576.798143851147
736.989784734314,573.859242070962
735.236091016676,572.00309357937
734.578455872757,571.539056457571
733.087816212999,568.445475636786
731.20259546689,567.672080433788
729.79964049278,566.744006185794
728.221316147062,565.661252897201
726.77451883044,564.578499613003
725.415406199466,562.877030162011
724.056293568491,560.86620262982
722.653338594382,558.391337971433
720.899644877056,556.380510439242
719.715901618001,555.761794276843
717.523784471188,553.286929618457
716.340041211822,550.502706883268
715.024770923984,548.182521265481
714.630189837321,547.718484143682
713.884870007442,546.945088940684
712.788811434035,545.088940449092
711.342014117413,543.078112912504
710.859748345102,542.304717709506
709.544478056952,539.365815929321
707.703099653666,536.272235112932
705.94940593634,534.57076566194
704.63413564819,533.023975251548
703.055811302784,528.53828306097
701.565171642715,527.764887857972
699.636108553781,525.90873936638
698.145468894023,524.980665118386
696.391775176697,523.897911829793
694.068131001101,524.052590874789
692.139067911855,521.268368135203
689.903108422219,517.40139211142
688.193257047717,514.307811290635
686.921829102703,511.678267591649
685.738085843336,507.811291567866
683.41444166774,502.70688321489
681.704590293238,500.386697601499
679.775527204304,498.221191028708
678.372572230195,495.746326370322
676.443509141261,493.580819797531
674.382919023232,492.498066508937
672.67306764873,489.249806651949
670.744004559797,485.846867749965
668.902626156511,483.217324050979
667.28045946797,482.907965969779
665.87750449386,482.134570762385
664.869130606413,481.206496518787
663.948441404926,480.278422270793
662.76469814556,479.040989945996
662.326274716073,478.267594738602
660.87947739945,475.792730084612
660.353369284003,475.019334877217
658.818887281421,472.544470223227
658.33662150911,471.925754060829
657.284405278839,470.224284609837
655.399184532418,468.058778032649
653.733175501052,467.130703789052
651.628743040199,464.810518175661
649.699679950954,462.799690639074
647.332193432533,458.778035574691
645.578499715207,456.303170920701
642.728747424475,451.044083527125
640.88736902119,446.558391336547
639.396729361432,440.989945861772
638.037616730458,437.896365040987
636.240080669996,437.587006959788
634.574071638319,436.968290797389
633.25880135048,436.968290797389
631.94353106233,436.504253671194
630.71594546014,434.184068057804
629.48835985795,431.399845318218
628.041562541327,430.162412993421
626.638607567218,429.698375867226
625.104125564636,429.079659704827
624.753386821108,429.389017786027
623.306589504174,430.007733952821
622.955850760647,430.781129155819
621.465211100889,433.25599380981
620.939102985753,434.029389017204
619.053882239644,432.327919566212
618.352404752589,431.554524358818
616.861765092831,430.007733952821
615.195756061154,428.306264501829
613.529747029788,426.914153132036
611.995265027206,426.295436965242
610.241571309568,425.676720802843
608.619404621026,422.583139982058
608.049454163067,421.191028612265
606.646499188957,420.881670531066
605.331228900807,417.014694507283
604.059800955793,415.62258313749
602.832215353602,414.385150812693
601.078521636277,412.064965194907
598.053399973937,409.744779581516
596.212021570651,407.733952049325
593.756850366271,405.877803557733
591.959314305809,405.104408350339
590.293305274443,403.712296980546
588.714980928726,402.320185615149
586.87360252544,398.917246713165
585.426805208506,394.740912603786
584.199219606316,391.028615620603
583.015476347261,387.625676718619
581.875575430719,384.996133024029
579.639615941082,379.891724671053
578.236660967284,377.726218093866
576.96523302227,375.870069602274
575.56227804816,374.941995358676
573.983953702442,372.15777261909
572.624841071468,369.373549883901
571.22188609767,366.744006184915
569.775088780736,365.042536733923
568.898241922073,364.423820571524
568.503660835722,363.959783449725
567.451444605139,362.877030161132
566.925336490004,362.412993039333
565.171642772678,361.948955913138
563.68100311292,361.330239750739
562.45341751073,361.639597831939
561.13814722258,363.65042536413
559.822876934741,365.042536733923
558.376079617808,365.506573855722
557.192336358441,365.661252900718
555.570169669899,365.970610981917
555.00021921194,365.351894815122
553.421894866222,364.423820571524
551.448989434153,363.341067282931
549.651453373692,361.639597831939
547.985444342326,360.711523588341
546.757858740135,363.49574632353
545.267219080377,363.959783449725
543.908106449403,361.484918791339
543.118944276389,355.452436194765
541.759831645415,351.121423044787
541.102196501495,350.966744004187
539.874610899305,349.729311674994
538.734709983074,348.337200309597
537.331755008965,346.790409899205
535.928800035166,346.635730858605
534.92042614772,343.85150811902
533.561313516746,341.686001546229
531.895304485068,339.056457847243
530.49234951127,335.962877030854
528.344074707593,333.488012372468
525.713534131293,329.311678267485
523.477574641656,326.2180974467
521.54851155241,323.743232788314
519.882502521045,321.113689093724
517.997281774935,318.948182520933
516.06821868569,316.318638821947
514.577579025932,313.689095127357
513.218466394958,311.678267595166
511.7278267352,310.131477184773
510.061817703522,307.965970607586
509.491867245563,307.192575404588
507.21206541279,303.325599380805
505.852952781816,301.160092808014
504.274628436098,299.458623357022
502.696304090692,298.839907190227
501.161822087798,297.75715390603
499.715024771176,297.138437739235
498.61896619777,296.519721576837
498.487439168986,296.210363495638
497.698276995971,295.436968288243
497.040641852052,295.127610207044
495.769213907037,295.591647328843
494.10320487536,294.972931166444
492.174141786115,294.972931166444
490.595817440709,294.199535963446
488.579069665504,293.426140756052
487.132272348881,291.260634183261
485.685475031947,289.868522813468
484.326362400973,288.476411443675
483.142619141607,286.156225830285
481.651979481849,283.372003090699
479.942128107348,281.051817477308
479.416019992212,279.814385148115
478.188434390022,277.184841453525
476.084001929169,274.09126063274
474.417992897491,270.997679811955
472.708141523301,268.213457076766
471.042132491624,266.666666666374
469.551492831866,265.58391337778
467.096321627485,266.202629540178
465.737208996511,267.440061869372
463.808145907266,267.130703788172
462.317506247508,266.666666666374
460.476127844223,265.42923433718
458.985488184464,265.42923433718
458.503222412153,265.893271458979
457.100267438355,267.594740909971
456.661844009179,268.213457076766
455.434258406989,268.522815157965
455.039677320326,268.368136117366
454.469726862366,267.904098991171
453.768249375312,269.760247482762
452.628348459081,271.461716933754
451.444605199715,276.875483372326
451.050024113363,279.195668985717
450.611600684188,284.918793501091
450.392388969444,290.796597061462
450.26086194066,297.138437739235
450.041650225916,303.170920340205
449.778596168349,309.512761017979
449.515542110781,316.937354988742
449.340172738862,324.671307036308
449.340172738862,332.250580043274
448.901749309686,338.747099766043
448.419483537375,341.067285379434
447.060370906401,343.078112916022
446.665789820049,344.779582367014
445.350519531899,345.707656610611
443.991406900925,343.54215003782
442.369240212383,341.531322505629
441.273181638977,339.365815928442
439.826384322043,337.354988396251
439.124906834988,337.819025522446
438.511114033893,338.592420725444
437.985005918757,343.078112916022
436.845105002527,346.790409899205
435.617519400336,354.524361946771
435.179095970849,356.999226605158
434.784514884498,359.474091259148
433.425402253524,362.567672079933
432.986978824348,362.567672079933
431.584023850238,360.866202628941
429.698803104129,360.092807421546
429.085010303033,359.783449340347
428.471217501938,359.474091259148
426.892893156221,358.70069605615
426.322942698261,357.153905645757
424.876145381327,356.689868519562
423.341663378745,359.010054137349
421.894866061811,361.794276872538
420.579595773661,367.053364266114
419.483537200255,371.693735497292
418.738217370376,377.416860012666
418.21210925524,382.830626446842
417.992897540497,391.337973701802
418.080582226456,394.431554522587
418.21210925524,400.464037123557
418.168266912416,406.96055684193
417.554474111321,412.529002316705
417.07220833901,417.788089710281
417.510631768185,423.047177108253
417.466789425361,430.162412993421
417.203735367794,432.482598606812
416.326888509131,436.658932711794
415.450041650468,438.515081203385
415.099302906941,439.443155451379
414.485510105845,439.752513532579
413.740190275966,437.587006959788
413.082555131736,436.349574630595
413.038712788912,435.266821346397
412.951028102952,435.266821346397
411.723442500762,432.018561485013
410.978122670882,430.317092034021
410.408172212923,429.389017786027
409.355955982341,427.687548335034
408.435266780854,426.140757924642
407.646104607839,424.748646554849
407.163838835528,423.820572311251
405.848568547689,421.80974477906
404.314086544796,419.025522039474
403.393397343309,417.633410669682
402.385023455862,416.705336426084
401.552018940023,416.395978344885
401.201280196496,416.395978344885
400.455960366617,416.395978344885
399.929852251481,416.705336426084
399.140690078467,420.108275328068
398.658424306155,428.306264501829
398.13231619102,436.194895589995
398.000789162236,438.824439288981
397.913104476277,441.453982983571
397.781577447493,447.79582366574
397.781577447493,450.116009279131
397.781577447493,455.220417632107
397.650050418709,459.860788863284
397.299311675181,466.511987622257
397.386996361141,472.544470223227
397.343154018317,485.38283062377
397.255469332357,492.962103635132
397.255469332357,500.696055682698
397.211626989533,508.120649649065
397.167784646398,516.937354985225
397.123942303573,527.919566898572
396.90473058883,536.581593194132
395.984041387343,542.614075790706
395.282563900288,541.995359628307
394.624928756369,536.890951275331
394.712613442017,531.477184841155
394.493401727585,524.052590874789
394.405717041625,521.732405257002
394.142662984057,518.793503481213
394.098820641233,513.534416083241
393.923451269314,509.667440059458
393.79192424053,507.501933486667
393.835766583354,504.253673625282
393.397343154178,497.447795821314
393.046604410651,491.569992265339
392.871235039043,489.713843773748
392.47665395238,487.548337200957
391.950545837245,485.692188704969
390.67911789223,487.857695282156
390.372221491527,489.713843773748
389.802271033567,494.972931167324
389.407689947216,501.469450890093
389.27616291812,507.656612527266
389.45153229004,516.163959782227
389.144635889337,522.041763338201
388.969266517729,523.279195667394
388.750054802985,522.505800464396
388.443158402593,519.721577724811
388.004734973106,513.379737042641
387.741680915538,505.800464035675
387.478626857971,497.757153902513
387.434784515146,494.818252126724
387.434784515146,487.238979115361
387.478626857971,478.267594738602
387.610153886754,470.843000772235
387.653996229579,464.037122968267
387.873207944322,457.540603245498
388.092419659066,450.58004640093
388.22394668785,443.774168596961
388.267789030674,438.051044081587
388.22394668785,427.532869294435
388.004734973106,423.665893270652
387.56631154393,420.108275328068
387.697838572714,419.644238206269
387.697838572714,417.788089710281
386.952518742835,417.942768755277
386.119514226997,419.798917246869
385.330352053982,424.748646554849
384.672716910063,430.007733952821
384.278135823711,436.968290797389
384.278135823711,445.011600926155
384.716559252887,454.447022429109
385.286509711158,463.263727765269
385.724933140645,471.307037894034
385.900302512253,478.731631860401
385.768775483469,486.929621034162
385.330352053982,496.519721577716
385.02345565359,503.944315544083
384.541189881279,511.678267591649
383.664343022616,517.092034030221
382.919023192737,517.092034030221
382.699811477993,512.451662799043
382.612126792034,509.203402937659
381.866806962155,504.717710747081
381.91064930529,501.314771845097
382.042176334074,498.685228150507
382.217545705682,496.210363496517
382.349072734466,493.580819797531
382.524442106385,491.10595514354
384.541189881279,488.785769525754
386.557937656172,488.012374322756
388.04857731593,486.156225831164
388.530843088241,485.537509664369
390.021482747999,482.44392884798
390.635275549095,482.289249807381
390.76680257819,484.609435420771
390.76680257819,486.929621034162
391.292910693325,482.134570762385
391.380595378974,480.278422270793
389.013108860553,475.792730084612
386.864834056875,474.09126063362
384.716559252887,472.389791182628
382.699811477993,472.544470223227
382.261388048818,472.389791182628
381.647595247723,470.224284609837
381.647595247723,462.180974476675
381.165329475411,454.447022429109
380.902275417843,448.878576949938
380.814590731884,442.072699145969
380.814590731884,436.968290797389
380.6830637031,427.378190253835
380.463851988356,417.633410669682
379.323951072126,410.208816703315
378.754000613855,408.971384374122
378.403261870327,408.197989171123
378.490946556287,407.733952049325
378.271734841543,409.126063419117
378.0525231268,412.529002316705
377.48257266884,419.025522039474
377.263360954097,421.345707657261
376.561883467042,429.234338745427
376.386514095434,432.637277647411
376.123460037866,438.515081203385
376.123460037866,447.95050270634
375.597351922731,460.015467903884
375.290455522027,471.461716934634
375.02740146446,488.631090485154
374.983559121636,496.365042537116
374.895874435676,504.098994584682
374.852032092852,511.05955142925
374.852032092852,520.649651972804
374.676662720932,527.764887857972
374.501293349324,534.57076566194
374.545135692149,538.128383604524
374.764347406892,540.293890177315
374.9397167785,536.272235112932
375.202770836068,535.034802783739
375.465824893947,528.383604020371
375.728878951515,519.87625676541
375.904248323123,513.534416083241
375.991933009082,505.491105954475
376.079617694731,499.458623353505
376.123460037866,497.138437740115
376.25498706665,493.271461716331
377.000306896529,486.929621034162
377.964838441152,483.062645010379
379.236266386166,481.206496518787
380.156955587965,480.587780356389
380.639221359964,480.587780356389
381.516068218939,482.59860788858
381.866806962155,483.526682132178
382.042176334074,488.167053363355
381.647595247723,488.940448566353
381.209171818235,489.868522814347
380.814590731884,490.796597057945
379.850059187261,491.10595514354
377.701784383584,490.641918017345
376.34267175261,489.713843773748
374.019027577013,487.548337200957
372.440703231295,485.846867749965
372.002279801808,485.22815158317
370.906221228713,484.918793501971
370.950063571537,485.692188704969
370.993905914362,486.620262952963
371.037748257497,487.548337200957
371.037748257497,488.321732403955
371.081590600321,489.249806651949
371.125432943145,490.177880895547
371.169275286281,490.951276102941
371.213117629105,491.879350346539
371.783068087376,498.994586231706
372.265333859687,506.264501157473
372.177649173728,512.915699920842
371.73922574424,520.03093580601
371.563856372633,521.887084297601
371.388487000713,528.228924979771
371.388487000713,530.703789633761
371.081590600321,532.869296210948
370.818536542753,530.703789633761
370.59932482801,526.372776488179
371.388487000713,518.484145395617
372.659914946039,502.70688321489
373.71213117631,485.846867749965
374.413608663365,472.080433101428
374.852032092852,457.231245164298
375.02740146446,449.033255990537
375.290455522027,441.60866202417
375.509667236771,434.648105179602
375.728878951515,428.151585456833
375.685036608379,422.119102860259
375.816563637163,415.93194121869
375.816563637163,410.518174784514
375.991933009082,405.104408350339
375.509667236771,406.341840679532
374.632820378108,413.457076564699
374.106712262661,419.334880120674
373.843658205094,426.450116005841
373.668288833486,436.813611752393
373.361392432782,448.723897909338
373.05449603239,453.828306262314
372.835284317647,457.540603245498
373.010653689566,464.965197216261
372.879126660783,471.771075015833
372.616072602903,478.731631860401
372.440703231295,485.22815158317
372.353018545336,491.569992265339
372.528387917255,499.303944312905
372.528387917255,507.501933486667
372.177649173728,515.545243619828
371.520014029808,523.124516626795
370.818536542753,531.167826759956
370.423955456402,537.045630315931
370.204743741658,542.923433871905
369.854004998131,548.491879351076
369.28405453986,553.905645785252
368.626419395941,560.86620262982
368.582577053117,563.959783446208
368.494892367157,570.456303168978
368.319522995549,572.467130701169
367.793414880102,574.787316318956
366.609671621047,576.179427684352
365.294401332897,578.19025522094
365.031347275329,578.654292342739
363.935288701923,575.715390562553
363.584549958396,575.870069603153
363.277653558004,576.179427684352
362.970757157301,576.488785769948
361.874698583894,573.704563030362
360.340216581312,573.395204949163
358.411153492067,571.229698376372
356.876671489485,571.384377416972
355.122977772159,569.37354988478
354.333815599144,568.600154677386
353.018545311306,567.672080433788
351.615590337196,565.351894816001
350.344162392182,565.351894816001
348.239729931329,564.887857694202
346.442193870867,564.423820572404
344.820027182325,564.578499613003
342.321013635121,561.330239751619
340.172738831132,560.86620262982
338.945153229253,561.020881670419
337.235301854752,557.772621809035
336.621509053656,556.844547561041
335.043184707939,556.380510439242
333.552545048181,556.535189479842
331.711166644895,556.380510439242
329.913630584434,555.143078110049
328.379148581852,554.369682907051
326.844666578958,553.596287699656
325.047130518809,553.132250577857
323.118067429563,552.513534415459
321.846639484549,551.430781126865
320.575211539535,553.286929618457
319.040729536641,554.52436194765
317.769301591627,552.513534415459
315.314130387246,550.348027842668
313.56043666992,548.801237432276
312.025954667027,547.718484143682
310.579157350404,548.182521265481
309.13236003347,549.265274554074
307.641720373712,549.265274554074
305.4496032269,548.182521265481
303.169801394438,546.945088940684
300.977684247626,545.552977570891
299.574729273516,543.696829079299
298.040247270934,542.459396750106
297.601823841447,541.995359628307
296.330395896432,540.912606339714
295.891972467256,540.448569217915
294.620544521931,536.581593194132
294.357490464363,534.88012374314
293.612170634484,529.002320182769
293.39295891974,527.146171691177
293.217589548132,523.588553748593
293.261431890956,519.721577724811
292.954535490565,511.832946636645
292.779166118645,508.73936581586
292.603796747037,502.70688321489
292.340742689469,496.829079658915
291.814634574334,491.26063418414
292.077688631902,484.764114461371
292.516112061077,478.422273779202
292.779166118645,469.760247483642
292.954535490565,458.93271461529
293.129904862173,451.198762567724
293.129904862173,448.569218868738
293.129904862173,443.464810515762
292.779166118645,437.277648878588
292.647639089861,435.112142301401
292.121530974726,431.709203399417
292.25305800351,427.842227375634
292.25305800351,423.820572311251
292.559954404213,416.550657385484
292.866850804605,412.219644235506
293.129904862173,407.733952049325
293.39295891974,403.402938899346
293.699855320444,399.071925753765
293.962909378011,394.740912603786
294.313648121539,387.16163959682
294.401332807498,384.996133024029
294.445175150323,381.747873162644
294.532859836282,377.726218093866
294.883598579498,372.31245165969
295.058967951418,369.992266046299
295.190494980202,362.103634958134
295.190494980202,352.20417633338
295.672760752513,342.614075789826
295.716603095337,339.056457847243
295.716603095337,335.808197985858
295.672760752513,329.930394429884
295.585076066553,328.074245938292
295.234337323026,324.671307036308
295.146652637377,321.268368134324
294.445175150323,315.699922659549
294.050594063971,313.998453208556
293.699855320444,312.451662798164
293.086062519348,308.89404485558
291.814634574334,304.872389791198
291.376211144847,303.325599380805
289.973256171049,299.613302397622
288.351089482195,295.591647328843
286.991976851221,292.652745553054
285.238283133895,288.321732403076
282.958481301434,284.300077338693
280.503310097054,281.206496517908
278.530404664985,279.350348026316
277.17129203401,277.648878575324
274.62843614367,275.483372002533
273.181638827048,274.709976795139
271.077206365883,270.843000771356
269.148143276949,269.141531320364
267.17523784488,268.677494198565
264.06243149658,266.202629540178
262.177210750159,264.965197215381
260.555044061617,262.95436968319
258.31908457198,264.501160089186
257.09149896979,263.10904872379
255.688543995992,265.42923433718
253.934850278666,265.58391337778
252.444210618597,264.965197215381
250.427462843703,264.346481048587
247.972291639323,258.778035573812
246.569336665524,256.303170919821
245.29790872051,254.756380509429
243.851111403576,253.209590099037
242.316629400683,253.982985302035
241.001359112844,255.375096671827
238.765399623207,254.756380509429
237.187075277489,252.900232017837
235.827962646515,251.662799688644
234.600377044325,252.126836810443
233.285106756175,253.518948180236
232.232890525904,251.044083526246
230.435354465443,248.414539827259
228.857030119725,246.249033254469
228.374764347414,245.320959006475
227.278705774007,244.547563803476
225.481169713857,244.856921884676
224.341268797627,243.000773393084
222.719102109085,243.000773393084
220.833881362664,240.989945860893
219.650138103609,239.4431554505
217.808759700324,238.824439288102
217.063439870445,238.979118328701
215.397430838768,240.371229698494
214.082160550929,241.608662023291
213.117629006306,245.939675173269
211.93388574694,250.425367359451
210.443246087182,249.961330237652
209.084133456208,246.867749416867
208.777237055816,245.47563805147
207.286597395747,246.094354213869
206.892016309395,246.867749416867
205.182164934894,244.856921884676
204.568372133799,243.619489555482
203.121574817176,240.680587779693
201.499408128634,237.896365040108
199.570345039389,236.349574629715
197.553597264496,234.338747097524
195.493007146467,232.637277646532
193.520101714397,231.709203402934
191.634880968288,230.162412992542
189.574290850259,227.532869293556
187.952124161717,225.676720801964
185.847691700864,226.295436968759
184.444736726754,223.047177107374
182.997939410132,218.870842997996
181.507299750374,215.931941222207
179.753606032737,212.683681360822
177.780700600667,208.197989170244
176.114691569301,203.248259857868
174.843263624287,200.154679041479
173.615678022097,197.834493423692
171.160506817716,191.802010827118
169.845236529566,189.327146168732
168.529966241416,188.089713843935
167.127011267618,187.006960555341
165.066421149589,182.211910283564
163.75115086175,178.190255219181
162.655092288344,174.477958235998
161.076767942626,169.218870842422
159.586128282868,162.877030160253
158.00780393715,157.153905644878
156.166425533865,151.740139210702
154.456574159363,147.718484141923
152.746722784862,143.232791955742
151.036871410672,138.128383602766
149.677758779698,135.49883990378
148.055592090844,130.239752510204
147.266429918141,125.444702242823
145.688105572423,121.268368133444
143.934411855098,118.948182520054
142.575299224124,117.556071150261
141.260028935974,115.23588553687
139.900916304999,113.070378959683
138.410276645241,111.059551427492
137.92801087293,110.595514305693
136.349686527524,109.512761017099
135.955105440861,108.739365814101
134.859046867454,105.336426912117
132.579245034993,103.016241298727
131.79008286229,102.861562258127
130.957078346452,102.552204172532
129.291069314774,102.552204172532
128.677276513679,102.861562258127
126.967425139489,102.397525131932
125.169889079028,101.933488010133
123.153141304134,100.850734721539
120.697970099754,98.5305491081488
118.944276382116,98.06651198635
118.374325924157,97.6024748645511
116.796001578439,97.6024748645511
116.226051120168,98.06651198635
114.165461002451,98.5305491081488
113.288614143788,98.3758700675492
112.455609627949,98.06651198635
110.658073567488,97.4477958239515
108.685168135418,96.9837586977564
106.493050988917,96.9837586977564
104.563987899672,97.2931167789556
101.933447323683,96.9837586977564
100.355122977966,95.5916473279635
98.7329562894238,94.5088940437662
98.2506905171125,94.0448569219673
97.0669472577463,94.3542150031666
96.6723661713948,94.9729311655651
95.9708886843399,95.7463263729594
93.6472445087431,95.901005413559
92.112762506161,96.3650425353579
90.4029111316595,95.1276102061647
88.8245867859417,93.271461714573
87.2024200973999,91.7246713041805
85.3610416941145,90.4872389793835
82.6866587753018,89.7138437719892
80.9768074008003,89.7138437719892
78.5216361964197,87.3936581585986
76.6802577931342,84.1453982972141
74.4881406463214,83.6813611754152
72.4275505282923,82.1345707650227
70.6300144681426,81.515854598228
68.2186856065861,80.5877803546303
65.938883774125,80.1237432328314
64.1851900567993,80.1237432328314
62.5191810251218,78.8863109036382
60.6339602790123,78.7316318630386
59.0556359332946,80.8971384358295
57.6965233023204,81.515854598228
57.170415187185,81.3611755576284
55.9428295849947,80.4331013140306
55.5044061555076,79.9690641878355
54.0576088388852,78.4222737818393
52.0408610636803,78.4222737818393
49.892586260003,78.4222737818393
47.3058880268386,78.5769528224389
44.9384015084178,78.5769528224389
42.4832303040372,78.2675947412397
40.2034284712646,79.0409899442378
38.0989960104115,79.1956689848374
36.6521986937891,79.5050270660367
35.0300320049358,79.6597061066363
33.5832346883134,76.7208043308472
32.0487526854198,77.0301624120465
30.4265859968779,77.4941995338453
29.1990003946877,77.648878574445
27.1384102766586,78.7316318630386
26.5246174755635,77.648878574445
25.8669823316442,76.4114462452517
24.4201850147104,77.9582366556442
23.8502345567508,79.350348025437
22.5788066114249,81.3611755576284
21.1758516376267,81.8252126838235
19.7290543206928,82.443928846222
17.7999912317592,82.443928846222
17.1423560875284,85.0734725408118
16.7477750011768,89.5591647313896
16.7039326583527,91.8793503447801
16.8793020299607,92.6527455521745
17.0108290587445,93.8901778769715
17.1423560875284,93.8901778769715
17.6246218598397,92.8074245927741
